defectType,fileName
E,eJxzcQxxNDA2MTI2NDQycDSwAAAfaQOE.CSV
D,eJxzcQxxNLA0NzI2NDQycDIyAQAfzAOM.CSV
D,eJxzcQxxNDAzMzI2NDQycDI2BgAfogOI.CSV
D,eJxzcQxxNDA0NjI2NDSydDE0BwAfdwON.CSV
D,eJxzcQxxNDAwNjI2NDQ2cDYyAgAfRwN_.CSV
D,eJxzcQxxNLAwNDI2NDS0dDI2AQAfpgOO.CSV
D,eJxzcQxxNLA0NzI2NDQycDIyBQAfzQON.CSV
D,eJxzcQxxNDAzMzI2NDQydjU2AgAftgON.CSV
D,eJxzcQxxNDAwMTI2NDQ0dTIwBQAfVwOD.CSV
D,eJzzCzU0MTUyNjQ0MnMzMgAAGEwDFQ==.CSV
E,eJzzCzU0NTYyNjQ0tHQxNgYAGEkDGA==.CSV
E,eJxzcQxxNDA2MTI2NDQycDQ0BgAfZgOA.CSV
D,eJxzcQxxNLC0MDI2NDS0cDYyBQAf9QOW.CSV
E,eJxzcQxxNLA0MTI2NDQydDI2AAAfsAOH.CSV
D,eJxzcQxxNLA0NDI2NDS0dDQ0AQAfqgOM.CSV
D,eJxzcQxxNDAwNTI2NDSydDE2BQAfggOO.CSV
E,eJxzcQxxNDAwNDI2MDUwdTU0AAAfSwOB.CSV
D,eJxzcQxxNDA2NzI2NDQ0djE0AQAflQOJ.CSV
D,eJxzcQxxNLAwNDI2NDQ0dzYwBQAfnAOL.CSV
D,eJxzcQxxNDAwMTI2NDQycTU2AQAfZgOI.CSV
D,eJxzcQxxNDA3MTI2NDQycDS0BAAfmAOK.CSV
D,eJzzCzU0NjYyNjQyMHQzNAMAGBkDEQ==.CSV
D,eJxzcQxxNDAyNjI2NDQydzI2BgAfdAOI.CSV
D,eJzzCzU0NjYyNjQyMHIxNAIAGBMDDA==.CSV
D,eJzzCzU0szAyNjQ0NnAxMgAAGGcDEw==.CSV
D,eJxzcQxxNDA2NzI2BAI3YyMAH5UDiQ==.CSV
D,eJxzcQxxNDA0NzI2NDQycjUwBQAfggOI.CSV
E,eJxzcQxxNDA2MTI2NDS0cDI0BQAfhgOK.CSV
E,eJzzCzU0NTcyNjQ0NHY0NAYAGEwDEQ==.CSV
D,eJzzCzM0NDUyNjQ0tHQxNAEAGDsDFg==.CSV
D,eJxzcQxxNDC3NDI2NDQwdzSwBAAf2gOT.CSV
D,eJxzcQxxNDAzMzI2NDQycDI2BAAfoAOG.CSV
D,eJxzcQxxNDAzMjI2NDQydjIyBwAfiAOK.CSV
D,eJzzCzU0MTIyNjQ0NHU0MgAAGBYDCw==.csv
D,eJzzCzU0MTAyNjQyMHQ0NAUAF_YDCQ==.CSV
D,eJxzcQxxNLA0NTI2NDS0cDc0BQAf4QOW.CSV
D,eJxzcQxxNDCwNDI2NDQydDYwBQAfgQOG.CSV
D,eJxzcQxxNLA0NTI2NDS0cDe0AAAf5AOZ.CSV
E,eJxzcQxxNDA0NDI2NDS0cDYwBgAfUQOD.CSV
E,eJzzCzU0tTQyNjQ0MnI0NgIAGGQDFA==.CSV
E,eJxzcQxxNLA0NDI2NDQ0dzMwAQAfrwOO.CSV
E,eJxzcQxxNDA2MTI2NDQycDQwBAAfYgN9.CSV
E,eJzzCzU0MTcyNjQ0MnM0NAIAGFEDEw==.CSV
E,eJxzcQxxNDA2MzI2NDCydDUwBgAfogON.CSV
E,eJxzcQxxNLA0NDI2NDQ0dzMwBQAfsAOP.CSV
E,eJxzcQxxNDAxMjI2NDSycDS0AAAfggOM.CSV
D,eJzzCzU0sjQyNjQ0MnM2NAYAGFYDFg==.CSV
D,eJxzcQxxNDAyNjI2NDS0dDO0AAAfhAOQ.CSV
D,eJzzCzU0MjMyNjQ0MnA0NAcAGB4DDw==.CSV
D,eJzzCzU0MTIyNjQ0tHAzMgAAGDEDEw==.CSV
D,eJxzcQxxNDA2NDI2NDQ0czM0AAAfZwOE.CSV
E,eJxzcQxxNDAyNjI2NDS0dDQwBAAfbAOD.CSV
E,eJxzcQxxNDAwNDI2MDUwdzMyAwAfXgOL.CSV
E,eJzzCzU0tTQyNjQ0MnI0NAcAGGUDFw==.CSV
E,eJxzcQxxNDA2NzI2NDQwdzYwBgAfmgOJ.CSV
E,eJxzcQxxNDA2MTI2NDS0dDayBAAfkwOR.CSV
E,eJxzcQxxNDA2MTI2NDQ0cTOwBAAfhAON.CSV
D,eJzzCzM0MDEyNjQ0MnQyMAUAGAQDCw==.CSV
D,eJzzCzM0MDYyNjQ0MnA0sAAAF_YDCw==.CSV
D,eJxzcQxxNDA3MTI2NDQycDQ0AwAflQOH.CSV
D,eJxzcQxxNDAzMzI2NDQydjI2BgAfrgOL.CSV
D,eJxzcQxxNDAyNTI2NDS0dDQ0AAAfgQOF.CSV
D,eJzzCzU0NjAyNjQwMnUyMAEAF_kDCw==.CSV
D,eJzzCzM0MDEyNjQ0tHAzMAMAGCgDFg==.CSV
D,eJzzCzU0MTUyNjQyMHQ2NAIAGCsDDQ==.CSV
D,eJxzcQxxNDA0MTI2MDUwdzUwBQAffwOL.CSV
E,eJzzCzU0NTUyNjQ0snA3NgAAGGQDGg==.CSV
D,eJxzcQxxNLCwMDI2NDQ0cTUwBgAf2gOP.CSV
D,eJzzCzU0NTAyNjQyMHQ2sAQAGAkDDw==.CSV
D,eJxzcQxxNDAwMTI2NDQ0djM0AgAfWgOD.CSV
E,eJxzcQxxNDA3MzI2NDS0cDY0BgAfxwOP.CSV
D,eJzzCzU0MTMyNjQ0MnE0MQQAGEQDEg==.CSV
D,eJzzCzU0MTYyNjQ0MnI1MgAAGCUDDg==.CSV
D,eJxzcQxxNDA0NjI2NDSydDQyAAAfaQOE.CSV
E,eJxzcQxxNDC0MDI2NDQ0dzQ0BgAfjwOI.CSV
E,eJxzcQxxNDA2NzI2NDSwcDSwAAAfnQON.CSV
D,eJxzcQxxNDA2NzI2NDQ0cDE0BwAfjAOJ.CSV
E,eJxzcQxxNDCzNDI2NDS0dDc0AgAf6QOV.CSV
D,eJxzcQxxNDA3MTI2NDQycDSwBAAflgOJ.CSV
D,eJzzCzU0MTIyNjQ0MnI1MQQAGCADEA==.CSV
D,eJzzCzU0NTAyNjQ0NnAxNAQAGAsDCg==.CSV
E,eJxzcQxxNDAwMTI2MDUwdTM2BQAfdQOM.CSV
D,eJzzCzM0MDYyNjQ0MnA0NAAAF_ADBA==.CSV
D,eJxzcQxxNLA0MTI2NDS0cDQwAQAfwgON.CSV
E,eJxzcQxxNDA2MTI2NDQ0czQ2AAAfegOE.CSV
D,eJzzCzU0MjMyNjQ0MnA0NAYAGBoDCw==.CSV
E,eJxzcQxxNDAzNzI2NDSycDQyAAAfxAOM.CSV
E,eJxzcQxxNDA3MTI2NDS0dDQ0BQAfswOO.CSV
D,eJzzCzU0NTAyNjQ0NnA0NAYAGAQDCQ==.CSV
E,eJxzcQxxNDC0MDI2NDS0dDIwBwAfnAOO.CSV
D,eJxzcQxxNDAyNjI2NDS0dDY2BQAffAOM.CSV
E,eJxzcQxxNDAwNzI2MDUwdTcyBQAflAOP.CSV
D,eJzzCzU0MTMyNjQ0tHQxMgAAGFcDFg==.CSV
D,eJzzCzM0sDAyNjQ0MnQ1MAEAGDQDEQ==.CSV
D,eJzzCzU0MTIyNjQ0NHU0MAQAGBMDCg==.CSV
D,eJxzcQxxNLAwNDI2NDQ0dzIwBAAflQOG.CSV
E,eJxzcQxxNDAwMzI2NDQydDI2AgAfYwOC.CSV
D,eJxzcQxxNDA2MDI2NDS0dDKwBAAfZAOK.CSV
D,eJxzcQxxNDAyNTI2NDS0dDQwAwAfhQOK.CSV
D,eJxzcQxxNDAwMTI2NDS0cDQwBwAfYgOH.CSV
D,eJxzcQxxNDC0MDI2NDQydDI0AgAffgOD.CSV
D,eJzzCzM0MDUyNjQ0MnQxNAEAGBUDDg==.csv
D,eJzzCzU0MjMyNjQ0MnA0MAMAGBsDDQ==.CSV
D,eJxzcQxxNLAwNjI2NDSycDWyAAAfxgOW.CSV
D,eJzzCzU0MzEyNjQwMnUyNgYAGEcDFA==.CSV
E,eJxzcQxxNDA0NjI2NDQycDIwAQAfSAN-.CSV
D,eJzzCzU0MjEyNjQ0tHQ0MgYAGCcDEg==.CSV
D,eJxzcQxxNDC0MDI2NDQycTQwBwAfigOJ.CSV
D,eJzzCzU0NTMyNjQ0NHE3MAMAGFkDGQ==.CSV
D,eJzzCzU0MjEyNjQ0tHQ0MgUAGCkDFA==.CSV
D,eJxzcQxxNLA0NzI2NDQycDKyBAAf0QOR.CSV
D,eJxzcQxxNDAyNjI2NDQydDQ0AAAfUgN8.CSV
E,eJxzcQxxNDA3NDI2NDS0dDIyBgAfmAOL.CSV
E,eJxzcQxxNDCyNDI2NDQ0czK0AAAfqAOP.CSV
D,eJxzcQxxNLA0NTI2NDQydDQ2AAAftwOH.CSV
